from_artifact_namespace,from_artifact_name,to_package_artifact_name,to_package_artifact_source,package_owner_artifact_namespace
decentldotland,anft-gated-tribus,arweave-multihost,NPM,redstone-finance
compolabs,swaylend-ts-sdk,@pythnetwork/pyth-evm-js,NPM,pyth-network
web3arabs,weavedb-notes,redstone-wasm-metering,NPM,redstone-finance
solendprotocol,frontend-sui,@pythnetwork/pyth-sui-js,NPM,pyth-network
redstone-finance,redstone-evm-connector,arweave-multihost,NPM,redstone-finance
loansharktechteam,loanshark-fe,redstone-api,NPM,redstone-finance
zerolend,governance,@pythnetwork/pyth-sdk-solidity,NPM,pyth-network
helium,helium-program-library,@pythnetwork/pyth-solana-receiver,NPM,pyth-network
mrgnlabs,risk-dashboard,@pythnetwork/pyth-solana-receiver,NPM,pyth-network
blockworks-foundation,mango-v4-reference-ui,@pythnetwork/client,NPM,pyth-network
mrgnlabs,mrgn-ts,@pythnetwork/pyth-solana-receiver,NPM,pyth-network
pyth-network,pyth-agent,pyth-sdk,RUST,pyth-network
interest-protocol,move-creator,@pythnetwork/pyth-sui-js,NPM,pyth-network
solendprotocol,public,@pythnetwork/pyth-solana-receiver,NPM,pyth-network
foxify-trade,options-sdk,@pythnetwork/price-service-sdk,NPM,pyth-network
paradigmxyz,reth,test-fuzz-internal,RUST,trailofbits
cryptexfinance,website,@pythnetwork/hermes-client,NPM,pyth-network
dhedge,flatcoin-liquidation-keeper,@pythnetwork/price-service-client,NPM,pyth-network
pyth-network,pyth-examples,@pythnetwork/solana-utils,NPM,pyth-network
drift-labs,dlob-server,@pythnetwork/client,NPM,pyth-network
mrgnlabs,pulsar-example,@pythnetwork/client,NPM,pyth-network
greenpill-dev-guild,community-host,@pythnetwork/pyth-sui-js,NPM,pyth-network
pyth-network,pyth-crosschain,@pythnetwork/pyth-common-js,NPM,pyth-network
solendprotocol,solend-mobile,@pythnetwork/client,NPM,pyth-network
digitalax,eliza_plugins,@pythnetwork/solana-utils,NPM,pyth-network
mrgnlabs,mrgn-ts,@pythnetwork/solana-utils,NPM,pyth-network
mendi-finance,lending-protocol,@pythnetwork/pyth-sdk-solidity,NPM,pyth-network
sherlock-audit,2025-01-perennial-v2-4-update,@pythnetwork/price-service-client,NPM,pyth-network
sigp,lighthouse,windows-acl,RUST,trailofbits
synthetixio,arbitrum-lp,@pythnetwork/price-service-client,NPM,pyth-network
web3arabs,weavedb-notes,redstone-wasm-json-toolkit,NPM,redstone-finance
woonetwork,woofi_integration,@pythnetwork/price-service-client,NPM,pyth-network
synthetixio,react-sdk,@pythnetwork/price-service-sdk,NPM,pyth-network
chugach-foundation,cypher-client-ts-v3,@pythnetwork/client,NPM,pyth-network
superfluid-finance,fluid-agent,@pythnetwork/price-service-sdk,NPM,pyth-network
fujicracy,fuji-v1,redstone-wasm-json-toolkit,NPM,redstone-finance
pyth-network,pyth-examples,@pythnetwork/price-service-sdk,NPM,pyth-network
equilibria-xyz,perennial-v2,@pythnetwork/pyth-sdk-solidity,NPM,pyth-network
sunrise-stake,offset-bridge,pyth-sdk,RUST,pyth-network
drift-labs,events-publisher,@pythnetwork/pyth-solana-receiver,NPM,pyth-network
synthetify,synthetify-webapp,@pythnetwork/client,NPM,pyth-network
equilibria-xyz,perennial-sdk-ts,@pythnetwork/price-service-sdk,NPM,pyth-network
pyth-network,example-publisher,pythclient,PIP,pyth-network
pyth-network,pyth-examples,@pythnetwork/price-service-client,NPM,pyth-network
developer-dao,dev_intern,@pythnetwork/client,NPM,pyth-network
zerolend,oracle-risk-triggers,@pythnetwork/pyth-evm-js,NPM,pyth-network
switchboard-xyz,switchboard-aptos-client,@pythnetwork/client,NPM,pyth-network
sherlock-audit,2024-08-perennial-v2-update-3,@pythnetwork/price-service-sdk,NPM,pyth-network
trailofbits,polytracker,blight,PIP,trailofbits
glamsystems,glam-sdk,@pythnetwork/client,NPM,pyth-network
pyth-network,pyth-crosschain,@pythnetwork/pyth-starknet-js,NPM,pyth-network
helium,helium-program-library,@pythnetwork/price-service-sdk,NPM,pyth-network
metaplex-foundation,gumdrop,redstone-api,NPM,redstone-finance
pyth-network,pyth-examples,@pythnetwork/pyth-solana-receiver,NPM,pyth-network
rally-dfs,routed-swap,@pythnetwork/client,NPM,pyth-network
zklinkprotocol,zklink-circuit-aggregator,pythnet-sdk,RUST,pyth-network
sherlock-audit,2024-02-perennial-v2-3,@pythnetwork/price-service-client,NPM,pyth-network
fujicracy,fuji-protocol,redstone-evm-connector,NPM,redstone-finance
solendprotocol,solend-sdk,@pythnetwork/client,NPM,pyth-network
equilibria-xyz,perennial-v2-keepers,@pythnetwork/price-service-client,NPM,pyth-network
mummy-finance,navigator-contracts,@pythnetwork/pyth-sdk-solidity,NPM,pyth-network
pyth-network,pyth-examples,@pythnetwork/pyth-aptos-js,NPM,pyth-network
scallop-io,scallop-mini-wallet,@pythnetwork/pyth-evm-js,NPM,pyth-network
bonfida,swap-ui,@pythnetwork/client,NPM,pyth-network
bloxroute-labs,keeper-bots-v2,@pythnetwork/client,NPM,pyth-network
battlemon-project,contract_deployer,test-fuzz-runtime,RUST,trailofbits
y2k-finance,gelato-web3-functions,@pythnetwork/price-service-sdk,NPM,pyth-network
redstone-finance,stable-price-marketplace,redstone-prettier-config,NPM,redstone-finance
loansharktechteam,loanshark-fe,arweave-multihost,NPM,redstone-finance
runtimeverification,rv-monitor,com.runtimeverification.rvmonitor:rv-monitor-rt,MAVEN,runtimeverification
parifi,parifi-sdk,@pythnetwork/pyth-evm-js,NPM,pyth-network
drift-labs,protocol-v2,@pythnetwork/solana-utils,NPM,pyth-network
trailofbits,sholva,mcircuit,RUST,trailofbits
zerolend,oracles,@pythnetwork/pyth-sdk-solidity,NPM,pyth-network
blockworks-foundation,solana-rpc-testing,@pythnetwork/client,NPM,pyth-network
native-org,native-smart-contracts,@pythnetwork/pyth-evm-js,NPM,pyth-network
defillama,rpc-proxy,@pythnetwork/price-service-sdk,NPM,pyth-network
compolabs,spark-frontend,@pythnetwork/price-service-sdk,NPM,pyth-network
clober-dex,v3.clober.io,@pythnetwork/price-service-sdk,NPM,pyth-network
blockworks-foundation,mango-v3-reimbursement-ui,@pythnetwork/client,NPM,pyth-network
lagrange-fi,lagrange-ui,@pythnetwork/client,NPM,pyth-network
phala-network,dylint-rules,dylint_internal,RUST,trailofbits
nethermindeth,plugin-chaoschain,@pythnetwork/price-service-client,NPM,pyth-network
equilibria-xyz,perennial-v2,@pythnetwork/pyth-evm-js,NPM,pyth-network
kwenta,kwenta,@pythnetwork/pyth-evm-js,NPM,pyth-network
foxify-trade,options-sdk,@pythnetwork/price-service-client,NPM,pyth-network
fruteroclub,agentcamp-eliza,@pythnetwork/price-service-sdk,NPM,pyth-network
morph-l2,morph-examples,@pythnetwork/price-service-sdk,NPM,pyth-network
greenpill-dev-guild,community-host,@pythnetwork/price-service-client,NPM,pyth-network
drift-labs,keeper-bots-v2,@pythnetwork/price-service-sdk,NPM,pyth-network
zerolend,gelato-cron-jobs,@pythnetwork/price-service-sdk,NPM,pyth-network
gelatodigital,gelato-raas-redstone-ui,@pythnetwork/price-service-sdk,NPM,pyth-network
davos-money,legacy-davos-contracts,@pythnetwork/pyth-sdk-solidity,NPM,pyth-network
drift-labs,drift-competitions,@pythnetwork/pyth-solana-receiver,NPM,pyth-network
pyth-network,per,@pythnetwork/pyth-evm-js,NPM,pyth-network
sherlock-audit,2024-08-woofi-solana-deployment,pythnet-sdk,RUST,pyth-network
dinaricrypto,defillama-adapters,@pythnetwork/client,NPM,pyth-network
homebrew,brew-pip-audit,rfc8785,PIP,trailofbits
normalfinance,interface,@pythnetwork/client,NPM,pyth-network
fuellabs,external-swaylend-monorepo,@pythnetwork/pyth-fuel-js,NPM,pyth-network
greenpill-dev-guild,community-host,@pythnetwork/price-service-sdk,NPM,pyth-network
fuellabs,external-pyth-crosschain,@pythnetwork/price-service-sdk,NPM,pyth-network
parclfinance,solana-agent-kit,@pythnetwork/price-service-client,NPM,pyth-network
kamino-finance,klend-sdk,@pythnetwork/client,NPM,pyth-network
solendprotocol,public,@pythnetwork/solana-utils,NPM,pyth-network
sentioxyz,mcp3,@pythnetwork/price-service-sdk,NPM,pyth-network
thirdweb-dev,bakery.gg,manticore,PIP,trailofbits
orange-finance,defillama-adapters,@pythnetwork/client,NPM,pyth-network
storyprotocol,eliza,@pythnetwork/client,NPM,pyth-network
synthetixio,arbitrum-lp,@pythnetwork/pyth-evm-js,NPM,pyth-network
hmxorg,v2-evm,@pythnetwork/pyth-evm-js,NPM,pyth-network
p2p-org,portfolio,@pythnetwork/client,NPM,pyth-network
synthetixio,perps-ecosystem,@pythnetwork/pyth-evm-js,NPM,pyth-network
runtimeverification,kontrol,pyevmasm,PIP,trailofbits
pyth-network,pyth-examples,@pythnetwork/express-relay-evm-js,NPM,pyth-network
helium,wallet-app,@pythnetwork/client,NPM,pyth-network
honey-protocol,honey-sdk,@pythnetwork/client,NPM,pyth-network
clober-dex,v3.clober.io,@pythnetwork/price-service-client,NPM,pyth-network
solendprotocol,springsui,@pythnetwork/pyth-sui-js,NPM,pyth-network
meteoraag,vault-sdk-node-demo,@pythnetwork/client,NPM,pyth-network
synthetixio,liquidity-ui,@pythnetwork/price-service-sdk,NPM,pyth-network
fuellabs,external-swaylend-monorepo,@pythnetwork/hermes-client,NPM,pyth-network
pyth-network,per,@pythnetwork/express-relay-sdk-solidity,NPM,pyth-network
interest-protocol,movement,@pythnetwork/pyth-sui-js,NPM,pyth-network
synthetixio,bfp-market-keepers,@pythnetwork/price-service-sdk,NPM,pyth-network
pyth-network,pyth-crosschain,pyth-sdk-solana,RUST,pyth-network
decentldotland,ans-stats,redstone-wasm-metering,NPM,redstone-finance
puremoney,zerointerestdefi,@pythnetwork/client,NPM,pyth-network
redstone-finance,redstone-tron-showroom,redstone-wasm-metering,NPM,redstone-finance
trailofbits,circomspect,circomspect-circom-algebra,RUST,trailofbits
normalfinance,normal-v1-stellar-ui,@pythnetwork/price-service-sdk,NPM,pyth-network
metaplex-foundation,deprecated-storefront,redstone-api,NPM,redstone-finance
hmxorg,yb-blast,@pythnetwork/price-service-client,NPM,pyth-network
redstone-finance,redstone-evm-connector,redstone-isomorphic,NPM,redstone-finance
redstone-finance,redstone-cache-layer-integration-test-utils,redstone-evm-connector,NPM,redstone-finance
zerolend,oracle-risk-triggers,@pythnetwork/pyth-sdk-solidity,NPM,pyth-network
gelatodigital,gelato-perps-use-cases,@pythnetwork/pyth-sdk-solidity,NPM,pyth-network
sherlock-audit,2024-02-perpetual,@pythnetwork/price-service-sdk,NPM,pyth-network
defillama,liquidations-extra,@pythnetwork/client,NPM,pyth-network
pyth-network,pyth-sdk-rs,pyth-sdk,RUST,pyth-network
identity-com,on-chain-identity-gateway,@pythnetwork/client,NPM,pyth-network
phala-network,dylint-rules,dylint_testing,RUST,trailofbits
apricot-finance,apricot-client,@pythnetwork/client,NPM,pyth-network
myx-protocol,myx-contracts,@pythnetwork/price-service-client,NPM,pyth-network
synthetixio,grants-website,@pythnetwork/price-service-sdk,NPM,pyth-network
deltaprimelabs,deltaprime-primeloans,redstone-api,NPM,redstone-finance
decentldotland,ps-filter,redstone-isomorphic,NPM,redstone-finance
myx-protocol,myx-contracts,@pythnetwork/price-service-sdk,NPM,pyth-network
fuellabs,external-pyth-crosschain,@pythnetwork/pyth-common-js,NPM,pyth-network
optimism-java,blob-archiver-rs,windows-acl,RUST,trailofbits
liquality,sporkwhale-farcaster-frame-2,@syndicateio/syndicate-node,NPM,syndicateprotocol
pyth-network,governance,pythnet-sdk,RUST,pyth-network
mufex-exchange,smart-contract,@pythnetwork/pyth-sdk-solidity,NPM,pyth-network
digitalax,eliza_plugins,@pythnetwork/price-service-sdk,NPM,pyth-network
pyth-network,pyth-crosschain,@pythnetwork/pyth-sdk-js,NPM,pyth-network
decentldotland,ans,redstone-smartweave,NPM,redstone-finance
helium,docs,@pythnetwork/client,NPM,pyth-network
drift-labs,mm-scoring,@pythnetwork/client,NPM,pyth-network
thales-markets,contracts-v2,@pythnetwork/pyth-sdk-solidity,NPM,pyth-network
triadxyz,triad-agent,@pythnetwork/price-service-client,NPM,pyth-network
mrgnlabs,risk-dashboard,@pythnetwork/solana-utils,NPM,pyth-network
nethermindeth,plugin-chaoschain,@pythnetwork/solana-utils,NPM,pyth-network
print3rxyz,v1.5,@pythnetwork/price-service-client,NPM,pyth-network
pancakeswap,pancake-frontend,@pythnetwork/price-service-client,NPM,pyth-network
quiknode-labs,helium-program-library,@pythnetwork/pyth-solana-receiver,NPM,pyth-network
concavefi,conduit,@pythnetwork/pyth-sdk-js,NPM,pyth-network
cliqueofficial,elizatee,@pythnetwork/price-service-client,NPM,pyth-network
seetadev,op-conceirge-suite,@pythnetwork/pyth-evm-js,NPM,pyth-network
0xzkpay,zksolpay,@pythnetwork/client,NPM,pyth-network
synthetixio,perps-keepers,@pythnetwork/pyth-evm-js,NPM,pyth-network
quiknode-labs,helium-program-library,@pythnetwork/solana-utils,NPM,pyth-network
frakt-solana,banx-frontend,@pythnetwork/price-service-client,NPM,pyth-network
drift-labs,solana-actions-server,@pythnetwork/client,NPM,pyth-network
helium,helium-program-library,@pythnetwork/solana-utils,NPM,pyth-network
sonarwatch,portfolio,@pythnetwork/client,NPM,pyth-network
xbank-lab,xbank-zkera-contract,@pythnetwork/price-service-client,NPM,pyth-network
sherlock-audit,2024-11-autonomint,@pythnetwork/pyth-sdk-solidity,NPM,pyth-network
mummy-finance,navigator-contracts,@pythnetwork/client,NPM,pyth-network
trailofbits,circuitous,microx,PIP,trailofbits
irys-xyz,hero-funds,redstone-wasm-metering,NPM,redstone-finance
fruteroclub,agentcamp-agents,@pythnetwork/price-service-client,NPM,pyth-network
mrgnlabs,risk-dashboard,@pythnetwork/price-service-sdk,NPM,pyth-network
taikoxyz,taiko-client,github.com/trailofbits/go-mutexasserts,GO,trailofbits
port-finance,mock-oracles,@pythnetwork/client,NPM,pyth-network
quiknode-labs,helium-program-library,@pythnetwork/price-service-sdk,NPM,pyth-network
nethermindeth,plugin-chaoschain,@pythnetwork/pyth-solana-receiver,NPM,pyth-network
sherlock-audit,2024-11-oku,@pythnetwork/price-service-sdk,NPM,pyth-network
concavefi,conduit,@pythnetwork/pyth-common-js,NPM,pyth-network
filcat,pdp,@pythnetwork/pyth-sdk-solidity,NPM,pyth-network
drift-labs,drift-competitions,@pythnetwork/price-service-sdk,NPM,pyth-network
battlemon-project,sui_indexer,test-fuzz-internal,RUST,trailofbits
ionicprotocol,monorepo,@pythnetwork/price-service-sdk,NPM,pyth-network
nethermindeth,gigacrew,@pythnetwork/price-service-sdk,NPM,pyth-network
kwenta,kwenta-sdk,@pythnetwork/price-service-client,NPM,pyth-network
gfx-labs,oku-custom-order-types,@pythnetwork/pyth-sdk-solidity,NPM,pyth-network
interest-protocol,movement,@pythnetwork/price-service-client,NPM,pyth-network
synthetixio,perps-keepers,@pythnetwork/pyth-sdk-js,NPM,pyth-network
greenpill-dev-guild,community-host,@pythnetwork/pyth-solana-receiver,NPM,pyth-network
pyth-network,governance,@pythnetwork/staking,NPM,pyth-network
blockworks-foundation,mango-v4,@pythnetwork/client,NPM,pyth-network
copin-protocol,onchain-copytrading,@pythnetwork/pyth-evm-js,NPM,pyth-network
synthetixio,oracle-manager-ui,@pythnetwork/price-service-client,NPM,pyth-network
defillama,rpc-proxy,@pythnetwork/pyth-solana-receiver,NPM,pyth-network
redstone-finance,celo-stable-price-marketplace,redstone-smartweave,NPM,redstone-finance
y2k-finance,gelato-web3-functions,@pythnetwork/price-service-client,NPM,pyth-network
chinese-zodiac,czcash-pcs-fork-fe,@pythnetwork/price-service-client,NPM,pyth-network
fuellabs,external-pyth-crosschain,@pythnetwork/pyth-sdk-js,NPM,pyth-network
pyth-network,pyth-examples,@pythnetwork/hermes-client,NPM,pyth-network
sherlock-audit,2024-05-kwenta-x-perennial-integration-update,@pythnetwork/pyth-evm-js,NPM,pyth-network
defillama,fees-server,@pythnetwork/client,NPM,pyth-network
bonfida,sns-widget,@pythnetwork/client,NPM,pyth-network
digitalax,eliza_plugins,@pythnetwork/pyth-solana-receiver,NPM,pyth-network
solana-labs,governance-ui,@pythnetwork/staking-wasm,NPM,pyth-network
ecomarketapp,ecomarket,redstone-wasm-metering,NPM,redstone-finance
polynomial-protocol,generate-uo-alchemy,@pythnetwork/hermes-client,NPM,pyth-network
redstone-finance,redstone-cache-layer-integration-test-utils,redstone-api-extended,NPM,redstone-finance
chromatic-protocol,liquidity-provider,@pythnetwork/pyth-sdk-solidity,NPM,pyth-network
metacampdao,pay2earn,@pythnetwork/client,NPM,pyth-network
redstone-finance,redstone-evm-connector,redstone-api,NPM,redstone-finance
greenpill-dev-guild,community-host,@pythnetwork/solana-utils,NPM,pyth-network
drift-labs,protocol-v2,@pythnetwork/price-service-sdk,NPM,pyth-network
irys-xyz,testnet-cli,redstone-wasm-json-toolkit,NPM,redstone-finance
ragetrade,perp-aggregator-sdk,@pythnetwork/price-service-client,NPM,pyth-network
zerolend,token-bridge,@pythnetwork/pyth-sdk-solidity,NPM,pyth-network
defillama,rpc-proxy,@pythnetwork/solana-utils,NPM,pyth-network
parclfinance,v3-sdk-ts,@pythnetwork/pyth-solana-receiver,NPM,pyth-network
equilibria-xyz,v2-markets-example,@pythnetwork/pyth-evm-js,NPM,pyth-network
dhedge,flatcoin-limit-order-keeper,@pythnetwork/price-service-client,NPM,pyth-network
interest-protocol,move-creator,@pythnetwork/price-service-sdk,NPM,pyth-network
battlemon-project,sui_indexer,test-fuzz-macro,RUST,trailofbits
parclfinance,v3-sdk-ts,@pythnetwork/solana-utils,NPM,pyth-network
metaplex-foundation,gumdrop,arweave-multihost,NPM,redstone-finance
nextdotid,relation_server,pyth-sdk-solana,RUST,pyth-network
redstone-finance,redstone-cache-layer-integration-test-utils,arweave-multihost,NPM,redstone-finance
gelatodigital,eliza-gelato-relay,@pythnetwork/price-service-sdk,NPM,pyth-network
usecannon,cannon,@pythnetwork/pyth-sdk-solidity,NPM,pyth-network
onlydustxyz,eth-validator-watcher,windows-acl,RUST,trailofbits
zerolend,incentive-contracts,@pythnetwork/price-service-client,NPM,pyth-network
scallop-io,sui-lending-protocol,@pythnetwork/price-service-sdk,NPM,pyth-network
pulsardefi,eliza,@pythnetwork/client,NPM,pyth-network
glamsystems,glam-sdk,@pythnetwork/solana-utils,NPM,pyth-network
primex-finance,limit-orders-script,@pythnetwork/hermes-client,NPM,pyth-network
ecomarketapp,ecomarket,redstone-isomorphic,NPM,redstone-finance
phala-network,dylint-rules,dylint_linting,RUST,trailofbits
riseon-dev,olympia,@pythnetwork/client,NPM,pyth-network
irys-xyz,contracts,redstone-wasm-metering,NPM,redstone-finance
dual-finance,status,@pythnetwork/client,NPM,pyth-network
gelatodigital,eliza-gelato-relay,@pythnetwork/hermes-client,NPM,pyth-network
developer-dao,dev_dao_intern,@pythnetwork/price-service-client,NPM,pyth-network
copin-protocol,copin-interface,@pythnetwork/hermes-client,NPM,pyth-network
drift-labs,drift-competitions,@pythnetwork/solana-utils,NPM,pyth-network
gelatodigital,gelato-native-oracle-periphery,@pythnetwork/pyth-sdk-solidity,NPM,pyth-network
pyth-network,per,@pythnetwork/price-service-client,NPM,pyth-network
redstone-finance,redstone-app,redstone-api,NPM,redstone-finance
gelatodigital,gelato-raas-redstone-ui,@pythnetwork/price-service-client,NPM,pyth-network
glamsystems,glam,@pythnetwork/pyth-solana-receiver,NPM,pyth-network
redstone-finance,eth-stable-price-marketplace,redstone-evm-connector,NPM,redstone-finance
synthe-x,oracle,@pythnetwork/price-service-sdk,NPM,pyth-network
native-org,native-smart-contracts,@pythnetwork/pyth-sdk-solidity,NPM,pyth-network
gelatodigital,w3f-pyth-poc-v2,@pythnetwork/pyth-sdk-solidity,NPM,pyth-network
frakt-solana,banx-frontend,@pythnetwork/solana-utils,NPM,pyth-network
woonetwork,woofi_integration,@pythnetwork/price-service-sdk,NPM,pyth-network
synthetixio,erc7412,@pythnetwork/price-service-sdk,NPM,pyth-network
drift-labs,drift-common,@pythnetwork/solana-utils,NPM,pyth-network
seetadev,op-conceirge-suite,@pythnetwork/price-service-client,NPM,pyth-network
battlemon-project,sui_indexer,test-fuzz,RUST,trailofbits
allora-network,solana-agent-kit,@pythnetwork/price-service-sdk,NPM,pyth-network
scallop-io,scallop-mini-wallet,@pythnetwork/price-service-client,NPM,pyth-network
trailofbits,sandshrew,pyevmasm,PIP,trailofbits
candidelabs,voltaire,windows-acl,RUST,trailofbits
drift-labs,keeper-bots-v2,@pythnetwork/price-service-client,NPM,pyth-network
storyprotocol,eliza,@pythnetwork/price-service-client,NPM,pyth-network
fuellabs,external-pyth-crosschain,@pythnetwork/pyth-starknet-js,NPM,pyth-network
floki-inu,defillama-adapters,@pythnetwork/client,NPM,pyth-network
pyth-network,per,@pythnetwork/pyth-sdk-solidity,NPM,pyth-network
solayer-labs,solana-agent-kit,@pythnetwork/price-service-client,NPM,pyth-network
router-protocol,aftermath-swap-sui,@pythnetwork/pyth-sui-js,NPM,pyth-network
developer-dao,dev_intern,@pythnetwork/pyth-solana-receiver,NPM,pyth-network
davos-money,davos-contracts-v2,@pythnetwork/pyth-sdk-solidity,NPM,pyth-network
compolabs,spark-perpetual-ts-sdk,@pythnetwork/pyth-evm-js,NPM,pyth-network
nethermindeth,plugin-chaoschain,@pythnetwork/price-service-sdk,NPM,pyth-network
decentldotland,ans-stats,redstone-wasm-json-toolkit,NPM,redstone-finance
drift-labs,drift-vaults,@pythnetwork/client,NPM,pyth-network
sherlock-audit,2024-02-perennial-v2-3,@pythnetwork/price-service-sdk,NPM,pyth-network
nethermindeth,eliza-chaoschain-plugin,@pythnetwork/solana-utils,NPM,pyth-network
scallop-io,sui-lending-protocol,@pythnetwork/price-service-client,NPM,pyth-network
fogmeta,manager-ai-agent,@pythnetwork/pyth-aptos-js,NPM,pyth-network
chinese-zodiac,czcash-pcs-fork-fe,@pythnetwork/pyth-evm-js,NPM,pyth-network
trailofbits,fickling,fickling,PIP,trailofbits
drift-labs,drift-common,@pythnetwork/pyth-solana-receiver,NPM,pyth-network
drift-labs,interview-test,@pythnetwork/client,NPM,pyth-network
gelatodigital,gelato-perps-use-cases,@pythnetwork/price-service-client,NPM,pyth-network
frakt-solana,banx-frontend,@pythnetwork/pyth-solana-receiver,NPM,pyth-network
metacampdao,solana-data-analytics,@pythnetwork/client,NPM,pyth-network
drift-labs,solana-actions-server,@pythnetwork/solana-utils,NPM,pyth-network
openocean-finance,openocean-sdk-api,@pythnetwork/client,NPM,pyth-network
ragetrade,rage-utils,@pythnetwork/price-service-client,NPM,pyth-network
runtimeverification,concurrentds,com.runtimeverification.rvmonitor:rv-monitor-rt,MAVEN,runtimeverification
dhedge,flatcoin-order-keeper,@pythnetwork/price-service-sdk,NPM,pyth-network
glamsystems,glam,@pythnetwork/price-service-sdk,NPM,pyth-network
pyth-network,pyth-agent,pyth-sdk-solana,RUST,pyth-network
developer-dao,dev_intern,@pythnetwork/solana-utils,NPM,pyth-network
compolabs,swaylend-ts-sdk,@pythnetwork/price-service-client,NPM,pyth-network
vyper-protocol,vyper-cli,pyth-sdk-solana,RUST,pyth-network
primex-finance,limit-orders-script,@pythnetwork/pyth-sdk-solidity,NPM,pyth-network
ragetrade,perp-aggregator-sdk,@pythnetwork/pyth-evm-js,NPM,pyth-network
drift-labs,jit-proxy,@pythnetwork/client,NPM,pyth-network
mrgnlabs,mrgn-search,@pythnetwork/pyth-solana-receiver,NPM,pyth-network
audiusproject,audius-client,@pythnetwork/client,NPM,pyth-network
fruteroclub,agentcamp-eliza,@pythnetwork/hermes-client,NPM,pyth-network
sentioxyz,sentio-processors,@pythnetwork/client,NPM,pyth-network
drift-labs,solana-actions-server,@pythnetwork/price-service-sdk,NPM,pyth-network
solana-labs,governance-ui,@pythnetwork/client,NPM,pyth-network
usecannon,cannon,@pythnetwork/price-service-client,NPM,pyth-network
allora-network,solana-agent-kit,@pythnetwork/client,NPM,pyth-network
dhedge,flatcoin-order-keeper,@pythnetwork/price-service-client,NPM,pyth-network
thales-markets,contracts,@pythnetwork/pyth-sdk-solidity,NPM,pyth-network
d8-x,d8x-order-executor,@pythnetwork/pyth-sdk-solidity,NPM,pyth-network
nethermindeth,eliza-chaoschain-plugin,@pythnetwork/pyth-solana-receiver,NPM,pyth-network
redstone-finance,redstone-smartcontracts-webpack5-app,redstone-smartweave,NPM,redstone-finance
drift-labs,keeper-bots-v2,@pythnetwork/pyth-solana-receiver,NPM,pyth-network
pyth-network,publisher-utils,@pythnetwork/client,NPM,pyth-network
dhedge,flatcoin-limit-order-keeper,@pythnetwork/pyth-evm-js,NPM,pyth-network
zklinkprotocol,zklink-nova-oracle,@pythnetwork/price-service-sdk,NPM,pyth-network
pyth-network,pyth-crosschain,pyth-sdk,RUST,pyth-network
zerolend,custom-atokens,@pythnetwork/pyth-sdk-solidity,NPM,pyth-network
dhedge,flatcoin-limit-order-keeper,@pythnetwork/price-service-sdk,NPM,pyth-network
concavefi,conduit,@pythnetwork/pyth-evm-js,NPM,pyth-network
drift-labs,protocol-v1-summary,@pythnetwork/client,NPM,pyth-network
parclfinance,solana-agent-kit,@pythnetwork/hermes-client,NPM,pyth-network
marinade-finance,hubble-common,@pythnetwork/client,NPM,pyth-network
reax-finance,app,@pythnetwork/pyth-evm-js,NPM,pyth-network
mrgnlabs,mrgn-account-search,@pythnetwork/pyth-solana-receiver,NPM,pyth-network
xenon-so,client-sdk,@pythnetwork/client,NPM,pyth-network
sherlock-audit,2024-08-perennial-v2-update-3,@pythnetwork/price-service-client,NPM,pyth-network
nethermindeth,gigacrew,@pythnetwork/hermes-client,NPM,pyth-network
gfx-labs,oku-custom-order-types,@pythnetwork/price-service-sdk,NPM,pyth-network
zerolend,token-ofts,@pythnetwork/pyth-sdk-solidity,NPM,pyth-network
synthetixio,liquidity-ui,@pythnetwork/price-service-client,NPM,pyth-network
immunefi-team,audit-comp-yeet,@pythnetwork/entropy-sdk-solidity,NPM,pyth-network
chugach-foundation,cypher-v3-reimbursement-ui,@pythnetwork/client,NPM,pyth-network
solendprotocol,liquidator,@pythnetwork/client,NPM,pyth-network
ragetrade,aggregator-sdk-integration,@pythnetwork/price-service-sdk,NPM,pyth-network
battlemon-project,sui-workspace,test-fuzz-internal,RUST,trailofbits
spiko-tech,defillama-server,@pythnetwork/client,NPM,pyth-network
pikaprotocol,pikaperpv4,@pythnetwork/pyth-sdk-solidity,NPM,pyth-network
superfluid-finance,fluid-agent,@pythnetwork/hermes-client,NPM,pyth-network
cryptexfinance,crypdex,@pythnetwork/pyth-sdk-solidity,NPM,pyth-network
y2k-finance,gelato-web3-functions,redstone-api,NPM,redstone-finance
parifi,parifi-sdk,@pythnetwork/price-service-sdk,NPM,pyth-network
switchboard-xyz,switchboard-aptos-public,@pythnetwork/client,NPM,pyth-network
pyth-network,pyth-examples,@pythnetwork/pyth-common-js,NPM,pyth-network
zerolend,pyth-oracles,@pythnetwork/pyth-sdk-solidity,NPM,pyth-network
parclfinance,v3-keepers-ts,@pythnetwork/client,NPM,pyth-network
prysmaticlabs,prysm,github.com/trailofbits/go-mutexasserts,GO,trailofbits
drift-labs,events-publisher,@pythnetwork/solana-utils,NPM,pyth-network
irys-xyz,testnet-cli,redstone-wasm-metering,NPM,redstone-finance
drift-labs,drift-rewards,@pythnetwork/client,NPM,pyth-network
neonevm,neon-tutorials,@pythnetwork/pyth-sdk-solidity,NPM,pyth-network
kwenta,kwenta-sdk,@pythnetwork/price-service-sdk,NPM,pyth-network
thales-markets,solana-contracts,pyth-sdk,RUST,pyth-network
pyth-network,pyth-crosschain,@pythnetwork/pyth-sdk-solidity,NPM,pyth-network
interest-protocol,sui-money-market-sdk,@pythnetwork/price-service-sdk,NPM,pyth-network
iggy-social,modechat,@pythnetwork/client,NPM,pyth-network
torusresearch,solana-wallet,@pythnetwork/client,NPM,pyth-network
ionicprotocol,monorepo,@pythnetwork/express-relay-evm-js,NPM,pyth-network
thales-markets,thales-speed-markets,@pythnetwork/hermes-client,NPM,pyth-network
sunrise-stake,offset-bridge,pyth-sdk-solana,RUST,pyth-network
copin-protocol,copin-interface,@pythnetwork/price-service-client,NPM,pyth-network
gelatodigital,eliza-gelato-relay,@pythnetwork/pyth-solana-receiver,NPM,pyth-network
opensource-observer,oso,oss-directory,PIP,opensource-observer
dhedge,v2-public,@pythnetwork/price-service-client,NPM,pyth-network
marinade-finance,marinade-widget,@pythnetwork/client,NPM,pyth-network
pyth-network,pyth-examples,@pythnetwork/entropy-sdk-solidity,NPM,pyth-network
redstone-finance,redstone-oracles-monorepo,arweave-multihost,NPM,redstone-finance
compolabs,spark,@pythnetwork/pyth-evm-js,NPM,pyth-network
y2k-finance,gelato-web3-functions,arweave-multihost,NPM,redstone-finance
mrgnlabs,mrgn-search,@pythnetwork/price-service-sdk,NPM,pyth-network
neonevm,neon-tutorials,@pythnetwork/price-service-client,NPM,pyth-network
pyth-network,solmeet-workshop-june-22,@pythnetwork/client,NPM,pyth-network
drift-labs,drift-common,@pythnetwork/price-service-sdk,NPM,pyth-network
xbank-lab,xbank-zkera-contract,@pythnetwork/price-service-sdk,NPM,pyth-network
offchainlabs,arb-compiler-evm-archive,pyevmasm,PIP,trailofbits
equilibria-xyz,perennial-examples,@pythnetwork/price-service-client,NPM,pyth-network
decentldotland,ps-filter,redstone-wasm-metering,NPM,redstone-finance
redstone-finance,redstone-tron-showroom,redstone-isomorphic,NPM,redstone-finance
zerolend,incentive-contracts,@pythnetwork/price-service-sdk,NPM,pyth-network
compolabs,spark-frontend,@pythnetwork/price-service-client,NPM,pyth-network
synthetixio,erc7412,@pythnetwork/pyth-evm-js,NPM,pyth-network
zerolend,gelato-cron-jobs,@pythnetwork/price-service-client,NPM,pyth-network
fujicracy,fuji-v1,redstone-wasm-metering,NPM,redstone-finance
helium,docs,@pythnetwork/price-service-sdk,NPM,pyth-network
zklinkprotocol,zklink-oracle,pythnet-sdk,RUST,pyth-network
bonfida,audaces-perps-rest-server,@pythnetwork/client,NPM,pyth-network
redstone-finance,celo-stable-price-marketplace,redstone-api-extended,NPM,redstone-finance
foxify-trade,options-sdk-demo,@pythnetwork/price-service-sdk,NPM,pyth-network
equilibria-xyz,perennial-examples,@pythnetwork/pyth-evm-js,NPM,pyth-network
battlemon-project,battlemon_backend,test-fuzz-runtime,RUST,trailofbits
compolabs,spark-frontend,@pythnetwork/hermes-client,NPM,pyth-network
kwenta,kwenta-sdk,@pythnetwork/pyth-evm-js,NPM,pyth-network
thales-markets,thales-speed-markets,@pythnetwork/pyth-sdk-solidity,NPM,pyth-network
battlemon-project,contract_deployer,test-fuzz,RUST,trailofbits
dual-finance,landing-page,@pythnetwork/client,NPM,pyth-network
blockworks-foundation,liquidator,@pythnetwork/client,NPM,pyth-network
mrgnlabs,mrgn-search,@pythnetwork/solana-utils,NPM,pyth-network
fuellabs,external-pyth-crosschain,@pythnetwork/pyth-aptos-js,NPM,pyth-network
sherlock-audit,2024-02-perpetual,@pythnetwork/price-service-client,NPM,pyth-network
pyth-network,pyth-examples,pyth-solana-receiver-sdk,RUST,pyth-network
dhedge,v2-public,@pythnetwork/price-service-sdk,NPM,pyth-network
equilibria-xyz,perennial-v2-keepers,@pythnetwork/price-service-sdk,NPM,pyth-network
drift-labs,protocol-v2,@pythnetwork/pyth-solana-receiver,NPM,pyth-network
neonlabsorg,neon-tutorials,@pythnetwork/pyth-evm-js,NPM,pyth-network
redstone-finance,redstone-cache-layer-integration-test-utils,redstone-api,NPM,redstone-finance
redstone-finance,redstone-tron-showroom,redstone-wasm-json-toolkit,NPM,redstone-finance
interest-protocol,sui-coins,@pythnetwork/pyth-sui-js,NPM,pyth-network
bonfida,audaces-perps-ui,@pythnetwork/client,NPM,pyth-network
ragetrade,rage-utils,@pythnetwork/client,NPM,pyth-network
mrgnlabs,mrgn-account-search,@pythnetwork/solana-utils,NPM,pyth-network
paradigmxyz,reth,test-fuzz-runtime,RUST,trailofbits
copin-protocol,onchain-copytrading,@pythnetwork/price-service-client,NPM,pyth-network
nextdotid,relation_server,pyth-sdk,RUST,pyth-network
nethermindeth,gigacrew,@pythnetwork/price-service-client,NPM,pyth-network
lp-finance-inc,twamm,@pythnetwork/client,NPM,pyth-network
drift-labs,keeper-bots-v2,@pythnetwork/solana-utils,NPM,pyth-network
fuellabs,external-pyth-crosschain,@pythnetwork/price-service-client,NPM,pyth-network
kyvenetwork,kyve,arweave-multihost,NPM,redstone-finance
ithaca-protocol,defillama-adapters,@pythnetwork/client,NPM,pyth-network
fogmeta,manager-ai-agent,@pythnetwork/price-service-client,NPM,pyth-network
synthetixio,ultrasoundsnx-ui,@pythnetwork/pyth-evm-js,NPM,pyth-network
blockworks-foundation,lev-stake-sol,@pythnetwork/client,NPM,pyth-network
pyth-network,pyth-examples,@pythnetwork/pyth-ton-js,NPM,pyth-network
pyth-network,pyth-examples,@pythnetwork/pyth-starknet-js,NPM,pyth-network
glamsystems,glam-sdk,@pythnetwork/price-service-sdk,NPM,pyth-network
switchboard-xyz,backfill-oracle,pyth-sdk,RUST,pyth-network
decentldotland,anft-gated-tribus,redstone-smartweave,NPM,redstone-finance
gelatodigital,eliza-gelato-relay,@pythnetwork/solana-utils,NPM,pyth-network
web3arabs,weavedb-notes-template,redstone-wasm-metering,NPM,redstone-finance
metaplex-foundation,deprecated-storefront,arweave-multihost,NPM,redstone-finance
web3arabs,weavedb-notes-template,redstone-isomorphic,NPM,redstone-finance
synthetixio,v3-markets-prototype,@pythnetwork/pyth-evm-js,NPM,pyth-network
redstone-finance,redstone-tron-showroom,arweave-multihost,NPM,redstone-finance
spiko-tech,defillama-adapters,@pythnetwork/client,NPM,pyth-network
nethermindeth,plugin-chaoschain,@pythnetwork/client,NPM,pyth-network
drift-labs,solana-actions-server,@pythnetwork/pyth-solana-receiver,NPM,pyth-network
seetadev,op-conceirge-suite,@pythnetwork/pyth-sdk-solidity,NPM,pyth-network
developer-dao,dev_dao_intern,@pythnetwork/hermes-client,NPM,pyth-network
redstone-finance,redstone-showroom,redstone-api,NPM,redstone-finance
compolabs,spark-perpetual-ts-sdk,@pythnetwork/price-service-sdk,NPM,pyth-network
neonlabsorg,neon-tutorials,@pythnetwork/price-service-sdk,NPM,pyth-network
sherlock-audit,2025-01-perennial-v2-4-update,@pythnetwork/pyth-sdk-solidity,NPM,pyth-network
redstone-finance,redstone-cache-layer-integration-test-utils,redstone-isomorphic,NPM,redstone-finance
mrgnlabs,mrgn-account-search-legacy,@pythnetwork/price-service-sdk,NPM,pyth-network
sherlock-audit,2024-08-woofi-solana-deployment,@pythnetwork/price-service-sdk,NPM,pyth-network
dhedge,flatcoin-liquidation-keeper,@pythnetwork/pyth-evm-js,NPM,pyth-network
metacampdao,solana-sveltekit-demo,@pythnetwork/client,NPM,pyth-network
synthetify,liquidator,@pythnetwork/client,NPM,pyth-network
ragetrade,aggregator-sdk-integration,@pythnetwork/client,NPM,pyth-network
blowfishxyz,blowfish-frontend-monorepo,@pythnetwork/client,NPM,pyth-network
sherlock-audit,2024-08-woofi-solana-deployment,pyth-solana-receiver-sdk,RUST,pyth-network
metacampdao,solana-sveltekit,@pythnetwork/client,NPM,pyth-network
drift-labs,protocol-v2,@pythnetwork/price-service-client,NPM,pyth-network
frakt-solana,banx-frontend,@pythnetwork/price-service-sdk,NPM,pyth-network
irys-xyz,irys-docs-v2,arweave-multihost,NPM,redstone-finance
honey-protocol,api_v1,@pythnetwork/client,NPM,pyth-network
neonlabsorg,neon-tutorials,@pythnetwork/price-service-client,NPM,pyth-network
metaplex-foundation,gumdrop,redstone-smartweave,NPM,redstone-finance
ecomarketapp,ecomarket,redstone-api,NPM,redstone-finance
gelatodigital,gelato-native-oracle-periphery,@pythnetwork/price-service-client,NPM,pyth-network
compolabs,swaylend-ts-sdk,@pythnetwork/price-service-sdk,NPM,pyth-network
fujicracy,fuji-v1,redstone-isomorphic,NPM,redstone-finance
synonymfinance,smart-contracts-public,@pythnetwork/pyth-sdk-solidity,NPM,pyth-network
synthetixio,grants-website,@pythnetwork/pyth-evm-js,NPM,pyth-network
drift-labs,dlob-server,@pythnetwork/price-service-sdk,NPM,pyth-network
zklinkprotocol,zklink-nova-oracle,@pythnetwork/price-service-client,NPM,pyth-network
drift-labs,protocol-v1,@pythnetwork/client,NPM,pyth-network
redstone-finance,redstone-smartcontracts-webpack5-app,arweave-multihost,NPM,redstone-finance
frakt-solana,banx-ui,@pythnetwork/pyth-solana-receiver,NPM,pyth-network
quiknode-labs,helium-program-library,@pythnetwork/client,NPM,pyth-network
sonarwatch,portfolio,@pythnetwork/pyth-solana-receiver,NPM,pyth-network
drift-labs,dlob-server,@pythnetwork/pyth-solana-receiver,NPM,pyth-network
primex-finance,primex-protocol,@pythnetwork/hermes-client,NPM,pyth-network
digitalax,eliza_plugins,@pythnetwork/client,NPM,pyth-network
loansharktechteam,telegram_bot,redstone-api,NPM,redstone-finance
copin-protocol,onchain-copytrading,@pythnetwork/price-service-sdk,NPM,pyth-network
kyvenetwork,kyve,redstone-smartweave,NPM,redstone-finance
zetamarkets,basic-crank,@pythnetwork/price-service-client,NPM,pyth-network
normalfinance,normal-v1-stellar-ui,@pythnetwork/solana-utils,NPM,pyth-network
thales-markets,solana-contracts,pyth-sdk-solana,RUST,pyth-network
synthetixio,synthetix-deployments,@pythnetwork/price-service-client,NPM,pyth-network
solendprotocol,suilend-public,@pythnetwork/pyth-sui-js,NPM,pyth-network
glamsystems,glam-sdk,@pythnetwork/pyth-solana-receiver,NPM,pyth-network
fuellabs,fuel-agent-kit,@pythnetwork/hermes-client,NPM,pyth-network
ragetrade,perp-aggregator-sdk,@pythnetwork/price-service-sdk,NPM,pyth-network
normalfinance,interface,@pythnetwork/price-service-sdk,NPM,pyth-network
myx-protocol,myx-contracts,@pythnetwork/pyth-sdk-solidity,NPM,pyth-network
redstone-finance,redstone-cache-layer-integration-test-utils,redstone-wasm-metering,NPM,redstone-finance
storyprotocol,eliza,@pythnetwork/price-service-sdk,NPM,pyth-network
irys-xyz,hero-funds,redstone-isomorphic,NPM,redstone-finance
redstone-finance,eth-stable-price-marketplace,redstone-api,NPM,redstone-finance
interest-protocol,suicoins.com,@pythnetwork/pyth-sui-js,NPM,pyth-network
passportxyz,passport-widgets,@passportxyz/passport-embed,NPM,passportxyz
goosefx1,gfx-ssl-sdk,@pythnetwork/client,NPM,pyth-network
bonfida,sns-manager,@pythnetwork/client,NPM,pyth-network
filozone,pdp,@pythnetwork/pyth-sdk-solidity,NPM,pyth-network
redstone-finance,redstone-evm-connector,redstone-wasm-json-toolkit,NPM,redstone-finance
scallop-io,scallop-mini-wallet,@pythnetwork/price-service-sdk,NPM,pyth-network
pyth-network,grant-program,pythnet-sdk,RUST,pyth-network
untitled-bank,untitled-bank-contracts,@pythnetwork/pyth-sdk-solidity,NPM,pyth-network
sherlock-audit,2024-08-perennial-v2-update-3,@pythnetwork/pyth-sdk-solidity,NPM,pyth-network
irys-xyz,contracts,redstone-wasm-json-toolkit,NPM,redstone-finance
decentldotland,ans,arweave-multihost,NPM,redstone-finance
equilibria-xyz,v2-markets-example,@pythnetwork/price-service-sdk,NPM,pyth-network
eth-pkg,eth-nodes,windows-acl,RUST,trailofbits
battlemon-project,contract_deployer,test-fuzz-internal,RUST,trailofbits
interest-protocol,safe-coin-tx,@pythnetwork/price-service-sdk,NPM,pyth-network
compolabs,spark-perpetual-ts-sdk,@pythnetwork/price-service-client,NPM,pyth-network
interest-protocol,sui-coins,@pythnetwork/price-service-client,NPM,pyth-network
battlemon-project,sui-workspace,test-fuzz-macro,RUST,trailofbits
fujicracy,fuji-v1,redstone-api,NPM,redstone-finance
trailofbits,dylint-template,dylint_linting,RUST,trailofbits
greenpill-dev-guild,community-host,@pythnetwork/hermes-client,NPM,pyth-network
homebrew,brew-pip-audit,sigstore-rekor-types,PIP,trailofbits
mutualsupply,library,@syndicateio/syndicate-node,NPM,syndicateprotocol
dkodalabs,wasabi_perps,@pythnetwork/pyth-sdk-solidity,NPM,pyth-network
frakt-solana,banx-ui,@pythnetwork/solana-utils,NPM,pyth-network
sherlock-audit,2025-01-perennial-v2-4-update,@pythnetwork/hermes-client,NPM,pyth-network
zkdx-defi,smart_contracts,@pythnetwork/price-service-sdk,NPM,pyth-network
mrgnlabs,marginfi-v2,@pythnetwork/pyth-solana-receiver,NPM,pyth-network
scallop-io,sui-scallop-sdk,@pythnetwork/price-service-sdk,NPM,pyth-network
synthetixio,v3-markets-prototype,@pythnetwork/price-service-sdk,NPM,pyth-network
sonarwatch,portfolio,@pythnetwork/solana-utils,NPM,pyth-network
allora-network,solana-agent-kit,@pythnetwork/pyth-solana-receiver,NPM,pyth-network
decentldotland,molecule-apis-wrapper,redstone-api,NPM,redstone-finance
redstone-finance,celo-stable-price-marketplace,redstone-api,NPM,redstone-finance
interest-protocol,suicoins.com,@pythnetwork/price-service-sdk,NPM,pyth-network
solana-developers,developer-bootcamp-2024,@pythnetwork/price-service-sdk,NPM,pyth-network
fuellabs,fuel-agent-kit,@pythnetwork/pyth-fuel-js,NPM,pyth-network
drift-labs,events-publisher,@pythnetwork/client,NPM,pyth-network
zerolend,gelato-cron-jobs,@pythnetwork/pyth-sdk-solidity,NPM,pyth-network
pyth-network,program-admin,pythclient,PIP,pyth-network
zetamarkets,sdk,@pythnetwork/pyth-solana-receiver,NPM,pyth-network
port-finance,liquidator,@pythnetwork/client,NPM,pyth-network
sunrise-stake,offset-bridge,@pythnetwork/client,NPM,pyth-network
sonarwatch,portfolio,@pythnetwork/price-service-sdk,NPM,pyth-network
developer-dao,dev_intern,@pythnetwork/price-service-sdk,NPM,pyth-network
trailofbits,dylint-template,dylint_testing,RUST,trailofbits
mrgnlabs,marginfi-v2,@pythnetwork/price-service-sdk,NPM,pyth-network
kamino-finance,liquidator-public,@pythnetwork/client,NPM,pyth-network
sherlock-audit,2024-08-woofi-solana-deployment,@pythnetwork/price-service-client,NPM,pyth-network
gelatodigital,gelato-raas-redstone-ui,@pythnetwork/pyth-evm-js,NPM,pyth-network
gelatodigital,gelato-perps-use-cases,@pythnetwork/price-service-sdk,NPM,pyth-network
sherlock-audit,2024-02-perpetual,@pythnetwork/pyth-evm-js,NPM,pyth-network
parclfinance,v3-sdk-ts,@pythnetwork/client,NPM,pyth-network
solendprotocol,public,@pythnetwork/price-service-client,NPM,pyth-network
dual-finance,risk-manager,@pythnetwork/client,NPM,pyth-network
neonlabsorg,neon-solana-signature-demo,@pythnetwork/client,NPM,pyth-network
pufferfinance,unifi-mono,github.com/trailofbits/go-mutexasserts,GO,trailofbits
xbank-lab,xbank-zkera-contract,@pythnetwork/pyth-evm-js,NPM,pyth-network
gelatodigital,gelato-native-oracle-sdk,@pythnetwork/pyth-sdk-solidity,NPM,pyth-network
ragetrade,aggregator-sdk-integration,@pythnetwork/pyth-evm-js,NPM,pyth-network
fujicracy,fuji-v1,redstone-evm-connector,NPM,redstone-finance
cliqueofficial,elizatee,@pythnetwork/hermes-client,NPM,pyth-network
shyft-to,solana-defi,@pythnetwork/client,NPM,pyth-network
pyth-network,pyth-crosschain,@pythnetwork/hermes-client,NPM,pyth-network
fruteroclub,agentcamp-agents,@pythnetwork/hermes-client,NPM,pyth-network
interest-protocol,sui-coins-terminal,@pythnetwork/pyth-sui-js,NPM,pyth-network
zerolend,incentive-contracts,@pythnetwork/pyth-sdk-solidity,NPM,pyth-network
metacampdao,solana-pay,@pythnetwork/client,NPM,pyth-network
irys-xyz,testnet-cli,redstone-isomorphic,NPM,redstone-finance
irys-xyz,irys-docs-v2,redstone-api,NPM,redstone-finance
mrgnlabs,mrgn-account-search-legacy,@pythnetwork/pyth-solana-receiver,NPM,pyth-network
normalfinance,normal-v1-stellar-ui,@pythnetwork/pyth-solana-receiver,NPM,pyth-network
gfx-labs,oku-custom-order-types,@pythnetwork/client,NPM,pyth-network
helium,helium-js,@pythnetwork/client,NPM,pyth-network
trailofbits,polyfile,fickling,PIP,trailofbits
drift-labs,cpi-example,@pythnetwork/client,NPM,pyth-network
normalfinance,interface,@pythnetwork/pyth-solana-receiver,NPM,pyth-network
defillama,rpc-proxy,@pythnetwork/client,NPM,pyth-network
baker-fi,bakerfi-contracts,@pythnetwork/price-service-sdk,NPM,pyth-network
hubbleprotocol,liq-bot,@pythnetwork/client,NPM,pyth-network
sherlock-audit,2024-11-oku,@pythnetwork/client,NPM,pyth-network
liquality,sporkwhale-farcaster-frame-4,@syndicateio/syndicate-node,NPM,syndicateprotocol
dhedge,flatcoin-liquidation-keeper,@pythnetwork/price-service-sdk,NPM,pyth-network
synthe-x,oracle,@pythnetwork/pyth-evm-js,NPM,pyth-network
kamino-finance,kamino-marinade-example,@pythnetwork/client,NPM,pyth-network
fractaldotbox,seele,arweave-multihost,NPM,redstone-finance
native-org,native-smart-contracts,@pythnetwork/price-service-sdk,NPM,pyth-network
space-id,web3-name-sdk,@pythnetwork/client,NPM,pyth-network
phala-network,dylint-rules,dylint,RUST,trailofbits
zerolend,layerzero-integration,@pythnetwork/pyth-sdk-solidity,NPM,pyth-network
pulsardefi,eliza,@pythnetwork/price-service-sdk,NPM,pyth-network
greenpill-dev-guild,community-host,@pythnetwork/client,NPM,pyth-network
normalfinance,normal-v1,@pythnetwork/price-service-client,NPM,pyth-network
redstone-finance,redstone-tron-showroom,redstone-api-extended,NPM,redstone-finance
decentldotland,ans-testnet-airdrop,redstone-isomorphic,NPM,redstone-finance
decentldotland,ans-testnet-airdrop,redstone-smartweave,NPM,redstone-finance
router-protocol,aftermath-swap-sui,@pythnetwork/price-service-client,NPM,pyth-network
zerolend,oracles,@pythnetwork/pyth-evm-js,NPM,pyth-network
secured-finance,secured-finance-subgraph,@pythnetwork/pyth-sdk-solidity,NPM,pyth-network
goosefx1,gfx-stake-rewards-sdk,@pythnetwork/client,NPM,pyth-network
synthetixio,bfp-market-keepers,@pythnetwork/pyth-evm-js,NPM,pyth-network
equilibria-xyz,perennial-examples,@pythnetwork/price-service-sdk,NPM,pyth-network
defillama,sushi-analytics,@pythnetwork/client,NPM,pyth-network
decentldotland,ark-network,redstone-smartweave,NPM,redstone-finance
trailofbits,necessist,necessist-core,RUST,trailofbits
decentldotland,ans-stats,redstone-smartweave,NPM,redstone-finance
dojimanetwork,ar-contracts,arweave-multihost,NPM,redstone-finance
redstone-finance,celo-stable-price-marketplace,arweave-multihost,NPM,redstone-finance
sherlock-audit,2024-11-oku,@pythnetwork/pyth-sdk-solidity,NPM,pyth-network
web3arabs,weavedb-notes-template,redstone-wasm-json-toolkit,NPM,redstone-finance
vyper-protocol,vyper-cli,pyth-sdk,RUST,pyth-network
allora-network,solana-agent-kit,@pythnetwork/solana-utils,NPM,pyth-network
floki-inu,defillama-server,@pythnetwork/client,NPM,pyth-network
deltafi-trade,deltafi-core-frontend,@pythnetwork/client,NPM,pyth-network
blockworks-foundation,mango-router,@pythnetwork/client,NPM,pyth-network
zerolend,incentive-contracts,@pythnetwork/pyth-evm-js,NPM,pyth-network
battlemon-project,battlemon_backend,test-fuzz,RUST,trailofbits
decentldotland,ps-filter,redstone-smartweave,NPM,redstone-finance
zerolend,gelato-cron-jobs,@pythnetwork/pyth-evm-js,NPM,pyth-network
eclipse-laboratories-inc,eclipse-wallet,@pythnetwork/client,NPM,pyth-network
redstone-finance,redstone-evm-connector,redstone-smartweave,NPM,redstone-finance
equilibria-xyz,perennial-v2,@pythnetwork/price-service-client,NPM,pyth-network
ecomarketapp,ecomarket,arweave-multihost,NPM,redstone-finance
pyth-network,pyth-neon,@pythnetwork/pyth-sdk-solidity,NPM,pyth-network
equilibria-xyz,perennial-v2,@pythnetwork/hermes-client,NPM,pyth-network
blockworks-foundation,mango-client-v3,@pythnetwork/client,NPM,pyth-network
pyth-network,pyth-examples,@pythnetwork/express-relay-sdk-solidity,NPM,pyth-network
drift-labs,events-publisher,@pythnetwork/price-service-sdk,NPM,pyth-network
redstone-finance,redstone-smartcontracts-webpack5-app,redstone-wasm-json-toolkit,NPM,redstone-finance
decentldotland,molecule-apis-wrapper,arweave-multihost,NPM,redstone-finance
helium,helium-program-library,@pythnetwork/client,NPM,pyth-network
helium,docs,@pythnetwork/price-service-client,NPM,pyth-network
p2p-org,portfolio,@pythnetwork/solana-utils,NPM,pyth-network
solendprotocol,solend-lite,@pythnetwork/client,NPM,pyth-network
node-real,bsc-builder,github.com/trailofbits/go-mutexasserts,GO,trailofbits
mrgnlabs,marginfi-v2,@pythnetwork/solana-utils,NPM,pyth-network
zerolend,oracle-risk-triggers,@pythnetwork/pyth-sdk-js,NPM,pyth-network
sherlock-audit,2024-05-kwenta-x-perennial-integration-update,@pythnetwork/price-service-sdk,NPM,pyth-network
mrgnlabs,mrgn-account-search-legacy,@pythnetwork/solana-utils,NPM,pyth-network
zkdx-defi,smart_contracts,@pythnetwork/pyth-evm-js,NPM,pyth-network
synthetixio,react-sdk,@pythnetwork/pyth-evm-js,NPM,pyth-network
dhedge,flatcoin-order-keeper,@pythnetwork/pyth-evm-js,NPM,pyth-network
kamino-finance,pyth-pull-test,@pythnetwork/price-service-client,NPM,pyth-network
kwenta,orderbook-backend,@pythnetwork/hermes-client,NPM,pyth-network
lp-finance-inc,solend.lp.finance,@pythnetwork/client,NPM,pyth-network
pyth-network,pyth-examples,@pythnetwork/pyth-fuel-js,NPM,pyth-network
interest-protocol,sui-money-market-sdk,@pythnetwork/price-service-client,NPM,pyth-network
zerolend,stakeable-atokens,@pythnetwork/pyth-sdk-solidity,NPM,pyth-network
decentldotland,ark-network-bot,redstone-smartweave,NPM,redstone-finance
decentldotland,ps-filter,redstone-wasm-json-toolkit,NPM,redstone-finance
pyth-network,pyth-crosschain,@pythnetwork/price-service-client,NPM,pyth-network
nethermindeth,eliza-chaoschain-plugin,@pythnetwork/hermes-client,NPM,pyth-network
solendprotocol,marinade-widget,@pythnetwork/client,NPM,pyth-network
battlemon-project,contract_deployer,test-fuzz-macro,RUST,trailofbits
port-finance,sundial,@pythnetwork/client,NPM,pyth-network
paradigmxyz,reth,test-fuzz,RUST,trailofbits
zklinkprotocol,zklink_sdk,pythnet-sdk,RUST,pyth-network
pyth-network,pyth-examples,@pythnetwork/pyth-sdk-js,NPM,pyth-network
ragetrade,aggregator-sdk-integration,@pythnetwork/price-service-client,NPM,pyth-network
glamsystems,glam,@pythnetwork/solana-utils,NPM,pyth-network
pyth-network,pyth-observer,pythclient,PIP,pyth-network
turbo-eth,template-web3-app,redstone-smartweave,NPM,redstone-finance
forta-network,starter-kits,pyevmasm,PIP,trailofbits
pyth-network,pyth-sdk-rs,pyth-sdk-solana,RUST,pyth-network
redstone-finance,redstone-smartcontracts-webpack5-app,redstone-wasm-metering,NPM,redstone-finance
zerolend,pyth-oracles,@pythnetwork/price-service-client,NPM,pyth-network
normalfinance,interface,@pythnetwork/solana-utils,NPM,pyth-network
drift-labs,dlob-server,@pythnetwork/solana-utils,NPM,pyth-network
aurora-is-near,pyth-xcc-oracle,@pythnetwork/pyth-sdk-solidity,NPM,pyth-network
parifi,synthetix-sdk-ts,@pythnetwork/price-service-client,NPM,pyth-network
fractaldotbox,seele,redstone-smartweave,NPM,redstone-finance
redstone-finance,eth-stable-price-marketplace,redstone-smartweave,NPM,redstone-finance
solayer-labs,defillama-adapters,@pythnetwork/client,NPM,pyth-network
dhedge,v2-public,@pythnetwork/pyth-evm-js,NPM,pyth-network
syndicateprotocol,mirror,@syndicateio/syndicate-node,NPM,syndicateprotocol
pyth-network,pyth-crosschain,@pythnetwork/pyth-aptos-js,NPM,pyth-network
ionicprotocol,monorepo,@pythnetwork/pyth-sdk-solidity,NPM,pyth-network
dojimanetwork,ar-contracts,redstone-smartweave,NPM,redstone-finance
digitalax,eliza_plugins,@pythnetwork/price-service-client,NPM,pyth-network
secured-finance,sf-sdk,@pythnetwork/pyth-sdk-solidity,NPM,pyth-network
pyth-network,pyth-examples,@pythnetwork/pyth-sdk-solidity,NPM,pyth-network
redstone-finance,redstone-tron-showroom,redstone-smartweave,NPM,redstone-finance
pyth-network,pyth-examples,@pythnetwork/pyth-evm-js,NPM,pyth-network
equilibria-xyz,perennial-v2-sdk-ts,@pythnetwork/hermes-client,NPM,pyth-network
ethena-labs,ethena_sats_adapters,@pythnetwork/client,NPM,pyth-network
metaplex-foundation,deprecated-storefront,redstone-smartweave,NPM,redstone-finance
ecomarketapp,ecomarket,redstone-api-extended,NPM,redstone-finance
cryptixencore,encore-verify-fe,redstone-api,NPM,redstone-finance
pyth-network,pyth-agent,pythclient,PIP,pyth-network
ionicprotocol,monorepo,@pythnetwork/pyth-evm-js,NPM,pyth-network
synonymfinance,smart-contracts-public,@pythnetwork/price-service-client,NPM,pyth-network
superfluid-finance,fluid-agent,@pythnetwork/price-service-client,NPM,pyth-network
ragetrade,aggregator-sdk-integration,@pythnetwork/hermes-client,NPM,pyth-network
nethermindeth,taiko-mono,github.com/trailofbits/go-mutexasserts,GO,trailofbits
switchboard-xyz,backfill-oracle,pyth-sdk-solana,RUST,pyth-network
p2p-org,portfolio,@pythnetwork/pyth-solana-receiver,NPM,pyth-network
runtimeverification,p2rvm,com.runtimeverification.rvmonitor:rv-monitor-rt,MAVEN,runtimeverification
trailofbits,dylint,dylint,RUST,trailofbits
usecannon,cannon,@pythnetwork/price-service-sdk,NPM,pyth-network
drift-labs,usermap-server,@pythnetwork/pyth-solana-receiver,NPM,pyth-network
morph-l2,morph-examples,@pythnetwork/price-service-client,NPM,pyth-network
syndicateprotocol,syndicate-stripe-nft-example,@syndicateio/syndicate-node,NPM,syndicateprotocol
gelatodigital,w3f-pyth-poc-v2,@pythnetwork/pyth-evm-js,NPM,pyth-network
scallop-io,sui-x-oracle,@pythnetwork/price-service-client,NPM,pyth-network
drift-labs,usermap-server,@pythnetwork/solana-utils,NPM,pyth-network
clober-dex,v3.clober.io,@pythnetwork/pyth-evm-js,NPM,pyth-network
zerolend,oracle-risk-triggers,@pythnetwork/price-service-client,NPM,pyth-network
compolabs,spark-frontend,@pythnetwork/pyth-evm-js,NPM,pyth-network
mithraiclabs,psylendcpiexamples,@pythnetwork/client,NPM,pyth-network
gitcoinco,grants-infographic,arweave-multihost,NPM,redstone-finance
riseon-dev,olympia,@pythnetwork/pyth-solana-receiver,NPM,pyth-network
normalfinance,normal-v1,@pythnetwork/client,NPM,pyth-network
space-operator,voting,@pythnetwork/staking,NPM,pyth-network
kwenta,kwenta,@pythnetwork/price-service-sdk,NPM,pyth-network
parclfinance,solana-agent-kit,@pythnetwork/client,NPM,pyth-network
chugach-foundation,cypher-node-boilerplate-v3,@pythnetwork/client,NPM,pyth-network
redstone-finance,celo-stable-price-marketplace,redstone-evm-connector,NPM,redstone-finance
trailofbits,sandshrew,manticore,PIP,trailofbits
irys-xyz,irys-docs,redstone-api,NPM,redstone-finance
dual-finance,gso,@pythnetwork/client,NPM,pyth-network
drift-labs,drift-v2-exporter,@pythnetwork/client,NPM,pyth-network
print3rxyz,v1.5,@pythnetwork/pyth-evm-js,NPM,pyth-network
zerolend,oracles,@pythnetwork/price-service-client,NPM,pyth-network
synthetixio,bfp-market-keepers,@pythnetwork/price-service-client,NPM,pyth-network
allora-network,solana-agent-kit,@pythnetwork/price-service-client,NPM,pyth-network
scallop-io,sui-x-oracle,@pythnetwork/price-service-sdk,NPM,pyth-network
equilibria-xyz,perennial-sdk-ts,@pythnetwork/pyth-evm-js,NPM,pyth-network
redstone-finance,zksync-tutorial-stable-price-marketplace,redstone-prettier-config,NPM,redstone-finance
riseon-dev,olympia,@pythnetwork/solana-utils,NPM,pyth-network
allora-network,solana-agent-kit,@pythnetwork/hermes-client,NPM,pyth-network
nethermindeth,eliza-chaoschain-plugin,@pythnetwork/price-service-sdk,NPM,pyth-network
defillama,defillama-server,@pythnetwork/client,NPM,pyth-network
redstone-finance,redstone-smartcontracts-webpack5-app,redstone-isomorphic,NPM,redstone-finance
marinade-finance,governance-ui,@pythnetwork/solana-utils,NPM,pyth-network
sentioxyz,mcp3,@pythnetwork/price-service-client,NPM,pyth-network
zetamarkets,token-generation,@pythnetwork/price-service-client,NPM,pyth-network
ecomarketapp,ecomarket,redstone-smartweave,NPM,redstone-finance
storyprotocol,eliza,@pythnetwork/hermes-client,NPM,pyth-network
probe-lab,hermes,github.com/trailofbits/go-mutexasserts,GO,trailofbits
redstone-finance,eth-stable-price-marketplace,redstone-api-extended,NPM,redstone-finance
frakt-solana,banx-ui,@pythnetwork/price-service-sdk,NPM,pyth-network
ecomarketapp,ecomarket,redstone-evm-connector,NPM,redstone-finance
decentldotland,ark-network-bot,arweave-multihost,NPM,redstone-finance
ecomarketapp,ecomarket,redstone-wasm-json-toolkit,NPM,redstone-finance
drift-labs,drift-vaults,@pythnetwork/pyth-solana-receiver,NPM,pyth-network
passportxyz,passport,@passportxyz/passport-embed,NPM,passportxyz
goosefx1,gfx-web-app,@pythnetwork/client,NPM,pyth-network
synthetixio,perps-ecosystem,@pythnetwork/price-service-sdk,NPM,pyth-network
interest-protocol,sui-coins-terminal,@pythnetwork/price-service-client,NPM,pyth-network
davos-money,davos-contracts,@pythnetwork/pyth-sdk-solidity,NPM,pyth-network
decentldotland,ark-network,arweave-multihost,NPM,redstone-finance
marinade-finance,governance-ui,@pythnetwork/staking-wasm,NPM,pyth-network
sherlock-audit,2024-02-perpetual,@pythnetwork/pyth-sdk-solidity,NPM,pyth-network
normalfinance,normal-v1-interface,@pythnetwork/client,NPM,pyth-network
compolabs,spark-defillama,@pythnetwork/client,NPM,pyth-network
synthetixio,liquidity-ui,@pythnetwork/pyth-evm-js,NPM,pyth-network
irys-xyz,hero-funds,redstone-wasm-json-toolkit,NPM,redstone-finance
bonfida,name-tokenizer,@pythnetwork/client,NPM,pyth-network
vyper-protocol,vyper-core,pyth-sdk,RUST,pyth-network
zerolend,oracle-risk-triggers,@pythnetwork/price-service-sdk,NPM,pyth-network
redstone-finance,redstone-prototypes,redstone-api,NPM,redstone-finance
cliqueofficial,elizatee,@pythnetwork/price-service-sdk,NPM,pyth-network
riseon-dev,olympia,@pythnetwork/hermes-client,NPM,pyth-network
hmxorg,yb-blast,@pythnetwork/price-service-sdk,NPM,pyth-network
equilibria-xyz,perennial-v2-keepers,@pythnetwork/pyth-evm-js,NPM,pyth-network
lp-finance-inc,twamm-lite,@pythnetwork/client,NPM,pyth-network
decentldotland,ans-stats,redstone-api,NPM,redstone-finance
trailofbits,circomspect,circomspect-program-analysis,RUST,trailofbits
civicteam,civic-pass-demos,@pythnetwork/client,NPM,pyth-network
drift-labs,jit-proxy,@pythnetwork/price-service-sdk,NPM,pyth-network
chromatic-protocol,contracts,@pythnetwork/pyth-sdk-solidity,NPM,pyth-network
primex-finance,primex-protocol,@pythnetwork/pyth-sdk-solidity,NPM,pyth-network
ribbon-finance,ribbon-frontend,@pythnetwork/client,NPM,pyth-network
interest-protocol,safe-coin-tx,@pythnetwork/pyth-sui-js,NPM,pyth-network
space-operator,voting,@pythnetwork/client,NPM,pyth-network
fujicracy,fuji-v1,redstone-api-extended,NPM,redstone-finance
dhedge,ui-kit,@pythnetwork/price-service-client,NPM,pyth-network
compolabs,spark,@pythnetwork/price-service-sdk,NPM,pyth-network
sherlock-audit,2024-11-autonomint,@pythnetwork/price-service-client,NPM,pyth-network
interest-protocol,sui-coins,@pythnetwork/price-service-sdk,NPM,pyth-network
saberdao,dapp,@pythnetwork/client,NPM,pyth-network
pyth-network,pyth-crosschain,pyth-sdk-cw,RUST,pyth-network
redstone-finance,redstone-app,redstone-prettier-config,NPM,redstone-finance
seetadev,op-conceirge-suite,@pythnetwork/price-service-sdk,NPM,pyth-network
synthetixio,perps-keepers,@pythnetwork/pyth-common-js,NPM,pyth-network
blockworks-foundation,mango-web,@pythnetwork/client,NPM,pyth-network
nethermindeth,eliza-chaoschain-plugin,@pythnetwork/pyth-sui-js,NPM,pyth-network
turbo-eth,template-web3-app,arweave-multihost,NPM,redstone-finance
synthetixio,synthetix-deployments,@pythnetwork/price-service-sdk,NPM,pyth-network
gitcoinco,grants-infographic,redstone-api,NPM,redstone-finance
decentldotland,ans-stats,arweave-multihost,NPM,redstone-finance
altafinprotocol,defillama-adapters,@pythnetwork/client,NPM,pyth-network
opensource-observer,oso,oss-directory,NPM,opensource-observer
trailofbits,circomspect,circomspect-parser,RUST,trailofbits
manta-network,defillama-adapters,@pythnetwork/client,NPM,pyth-network
euler-xyz,defillama-adapters,@pythnetwork/client,NPM,pyth-network
sherlock-audit,2024-11-autonomint,@pythnetwork/price-service-sdk,NPM,pyth-network
chinese-zodiac,czcash-pcs-fork-fe,@pythnetwork/price-service-sdk,NPM,pyth-network
ionicprotocol,monorepo,@pythnetwork/price-service-client,NPM,pyth-network
parifi,synthetix-sdk-ts,@pythnetwork/pyth-evm-js,NPM,pyth-network
gelatodigital,gelato-native-oracle-periphery,@pythnetwork/pyth-evm-js,NPM,pyth-network
synthetify,synthetify-protocol,@pythnetwork/client,NPM,pyth-network
meterio,tokenerc20,@pythnetwork/pyth-sdk-solidity,NPM,pyth-network
drift-labs,drift-vaults,@pythnetwork/price-service-sdk,NPM,pyth-network
sherlock-audit,2025-01-perennial-v2-4-update,@pythnetwork/price-service-sdk,NPM,pyth-network
amphitheatre-app,solana-examples,pyth-sdk-solana,RUST,pyth-network
zerolend,oracles,@pythnetwork/price-service-sdk,NPM,pyth-network
normalfinance,normal-v1-stellar-ui,@pythnetwork/client,NPM,pyth-network
sherlock-audit,2024-02-perennial-v2-3,@pythnetwork/pyth-sdk-solidity,NPM,pyth-network
glamsystems,glam,@pythnetwork/client,NPM,pyth-network
solana-labs,governance-ui,@pythnetwork/solana-utils,NPM,pyth-network
sherlock-audit,2025-01-perennial-v2-4-update,@pythnetwork/pyth-evm-js,NPM,pyth-network
fruteroclub,agentcamp-eliza,@pythnetwork/client,NPM,pyth-network
wormhole-foundation,example-wormhole-lending,@pythnetwork/pyth-sdk-solidity,NPM,pyth-network
synthe-x,oracle,@pythnetwork/price-service-client,NPM,pyth-network
compolabs,spark,@pythnetwork/price-service-client,NPM,pyth-network
parallel-finance,defillama-adapters,@pythnetwork/client,NPM,pyth-network
triadxyz,triad-agent,@pythnetwork/price-service-sdk,NPM,pyth-network
synthe-x,oracle,@pythnetwork/pyth-sdk-solidity,NPM,pyth-network
trailofbits,dylint,dylint_internal,RUST,trailofbits
drift-labs,order-filler,@pythnetwork/client,NPM,pyth-network
pulsardefi,eliza,@pythnetwork/price-service-client,NPM,pyth-network
amped-finance,amped-smart-contracts-old,@pythnetwork/pyth-sdk-solidity,NPM,pyth-network
riseon-dev,olympia,@pythnetwork/price-service-client,NPM,pyth-network
bonfida,sns-links,@pythnetwork/client,NPM,pyth-network
y2k-finance,gelato-web3-functions,@pythnetwork/pyth-evm-js,NPM,pyth-network
jup-ag,jupiter-core-example,@pythnetwork/client,NPM,pyth-network
pyth-network,solmeet-workshop-june-22,pyth-sdk-solana,RUST,pyth-network
p2p-org,portfolio,@pythnetwork/price-service-sdk,NPM,pyth-network
battlemon-project,sui-workspace,test-fuzz,RUST,trailofbits
pulsardefi,eliza,@pythnetwork/hermes-client,NPM,pyth-network
sherlock-audit,2024-02-perennial-v2-3,@pythnetwork/pyth-evm-js,NPM,pyth-network
mrgnlabs,mrgn-account-search,@pythnetwork/price-service-sdk,NPM,pyth-network
web3arabs,weavedb-notes,redstone-isomorphic,NPM,redstone-finance
trailofbits,graphtage,fickling,PIP,trailofbits
gfx-labs,oku-custom-order-types,@pythnetwork/price-service-client,NPM,pyth-network
parclfinance,solana-agent-kit,@pythnetwork/price-service-sdk,NPM,pyth-network
interest-protocol,move-creator,@pythnetwork/price-service-client,NPM,pyth-network
drift-labs,drift-vaults,@pythnetwork/solana-utils,NPM,pyth-network
pyth-network,per,@pythnetwork/price-service-sdk,NPM,pyth-network
synthetixio,synthetix-deployments,@pythnetwork/pyth-evm-js,NPM,pyth-network
pyth-network,per,@pythnetwork/express-relay-evm-js,NPM,pyth-network
trailofbits,circomspect,circomspect-program-structure,RUST,trailofbits
cryptixencore,encore-verify-fe,arweave-multihost,NPM,redstone-finance
fujicracy,fuji-v1,arweave-multihost,NPM,redstone-finance
pyth-network,per,@pythnetwork/express-relay-js,NPM,pyth-network
fruteroclub,agentcamp-eliza,@pythnetwork/price-service-client,NPM,pyth-network
dialectlabs,actions,@pythnetwork/client,NPM,pyth-network
paradigmxyz,reth,test-fuzz-macro,RUST,trailofbits
foxify-trade,options-sdk-demo,@pythnetwork/pyth-evm-js,NPM,pyth-network
defillama,defillama-adapters,@pythnetwork/client,NPM,pyth-network
synthetixio,ultrasoundsnx-ui,@pythnetwork/price-service-client,NPM,pyth-network
zerolend,pyth-oracles,@pythnetwork/pyth-evm-js,NPM,pyth-network
secured-finance,contracts,@pythnetwork/pyth-sdk-solidity,NPM,pyth-network
normalfinance,normal-v1,@pythnetwork/pyth-solana-receiver,NPM,pyth-network
clearpool-finance,defillama-adapters,@pythnetwork/client,NPM,pyth-network
developer-dao,dev_intern,@pythnetwork/hermes-client,NPM,pyth-network
ragetrade,rage-utils,@pythnetwork/price-service-sdk,NPM,pyth-network
interest-protocol,sui-coins-terminal,@pythnetwork/price-service-sdk,NPM,pyth-network
nethermindeth,eliza-chaoschain-plugin,@pythnetwork/price-service-client,NPM,pyth-network
dhedge,ui-kit,@pythnetwork/price-service-sdk,NPM,pyth-network
gelatodigital,eliza-gelato-relay,@pythnetwork/price-service-client,NPM,pyth-network
normalfinance,normal-v1,@pythnetwork/price-service-sdk,NPM,pyth-network
irys-xyz,irys-docs,arweave-multihost,NPM,redstone-finance
synthetixio,ultrasoundsnx-ui,@pythnetwork/price-service-sdk,NPM,pyth-network
redstone-finance,redstone-evm-connector,redstone-api-extended,NPM,redstone-finance
dialectlabs,investin-monitoring-service,@pythnetwork/client,NPM,pyth-network
battlemon-project,sui_indexer,test-fuzz-runtime,RUST,trailofbits
synthetixio,arbitrum-lp,@pythnetwork/price-service-sdk,NPM,pyth-network
equilibria-xyz,v2-markets-example,@pythnetwork/price-service-client,NPM,pyth-network
frakt-solana,banx-ui,@pythnetwork/price-service-client,NPM,pyth-network
developer-dao,dev_dao_intern,@pythnetwork/price-service-sdk,NPM,pyth-network
synthetixio,grants-website,@pythnetwork/price-service-client,NPM,pyth-network
helius-labs,galleria,@pythnetwork/client,NPM,pyth-network
synthetixio,oracle-manager-ui,@pythnetwork/price-service-sdk,NPM,pyth-network
lp-finance-inc,apricot.lp.finance,@pythnetwork/client,NPM,pyth-network
zetamarkets,pyth-history,@pythnetwork/client,NPM,pyth-network
gelatodigital,w3f-pyth-poc-v2,@pythnetwork/price-service-client,NPM,pyth-network
synthetixio,react-sdk,@pythnetwork/price-service-client,NPM,pyth-network
zkdx-defi,smart_contracts,@pythnetwork/price-service-client,NPM,pyth-network
invariant-labs,leaderboard,@pythnetwork/hermes-client,NPM,pyth-network
drift-labs,drift-archive,@pythnetwork/client,NPM,pyth-network
dedaub,manifold,pyevmasm,PIP,trailofbits
morph-l2,morph-examples,@pythnetwork/pyth-evm-js,NPM,pyth-network
fogmeta,manager-ai-agent,@pythnetwork/price-service-sdk,NPM,pyth-network
ragetrade,perp-aggregator-sdk,@pythnetwork/client,NPM,pyth-network
solana-developers,developer-bootcamp-2024,@pythnetwork/pyth-solana-receiver,NPM,pyth-network
synthetixio,perps-ecosystem,@pythnetwork/price-service-client,NPM,pyth-network
foxify-trade,options-sdk,@pythnetwork/pyth-evm-js,NPM,pyth-network
civicteam,workshop-solana-lottery,@pythnetwork/client,NPM,pyth-network
synthetixio,erc7412,@pythnetwork/price-service-client,NPM,pyth-network
civicteam,civic-profile-demo,@pythnetwork/client,NPM,pyth-network
dhedge,ui-kit,@pythnetwork/pyth-evm-js,NPM,pyth-network
foxify-trade,options-sdk-demo,@pythnetwork/price-service-client,NPM,pyth-network
drift-labs,usermap-server,@pythnetwork/client,NPM,pyth-network
cliqueofficial,elizatee,@pythnetwork/client,NPM,pyth-network
pyth-network,pyth-client,pythnet-sdk,RUST,pyth-network
pyth-network,pyth-crosschain,@pythnetwork/client,NPM,pyth-network
pyth-network,governance,@pythnetwork/staking-wasm,NPM,pyth-network
equilibria-xyz,perennial-v2,@pythnetwork/price-service-sdk,NPM,pyth-network
zerolend,incentive-contracts,@pythnetwork/pyth-sdk-js,NPM,pyth-network
space-id,ca-registrar,@pythnetwork/solana-utils,NPM,pyth-network
pyth-network,solmeet-workshop-june-22,pyth-sdk,RUST,pyth-network
access-labs-inc,defillama-server,@pythnetwork/client,NPM,pyth-network
jup-ag,deltafi-sdk,@pythnetwork/client,NPM,pyth-network
xbank-lab,xbank-zkera-contract,@pythnetwork/pyth-sdk-solidity,NPM,pyth-network
nethermindeth,gigacrew,@pythnetwork/client,NPM,pyth-network
drift-labs,keeper-bots-v2,@pythnetwork/pyth-lazer-sdk,NPM,pyth-network
neonlabsorg,protocols-deploy,@pythnetwork/client,NPM,pyth-network
neonevm,neon-tutorials,@pythnetwork/pyth-evm-js,NPM,pyth-network
zkdx-defi,smart_contracts,@pythnetwork/pyth-sdk-solidity,NPM,pyth-network
pancakeswap,pancake-frontend,@pythnetwork/price-service-sdk,NPM,pyth-network
pyth-network,documentation,@pythnetwork/pyth-sdk-solidity,NPM,pyth-network
synonymfinance,smart-contracts-public,@pythnetwork/pyth-evm-js,NPM,pyth-network
redstone-finance,redstone-api,arweave-multihost,NPM,redstone-finance
fuellabs,external-pyth-crosschain,@pythnetwork/client,NPM,pyth-network
sherlock-audit,2024-11-oku,@pythnetwork/price-service-client,NPM,pyth-network
normalfinance,normal-v1-interface,@pythnetwork/price-service-sdk,NPM,pyth-network
illuviumgame,defillama-adapters,@pythnetwork/client,NPM,pyth-network
drift-labs,drift-common,@pythnetwork/client,NPM,pyth-network
blockworks-foundation,mango-ui-v3,@pythnetwork/client,NPM,pyth-network
print3rxyz,v1.5,@pythnetwork/price-service-sdk,NPM,pyth-network
kamino-finance,pyth-pull-test,@pythnetwork/price-service-sdk,NPM,pyth-network
mrgnlabs,drift-protocol-v1,@pythnetwork/client,NPM,pyth-network
pikaprotocol,pikatradingsdk,@pythnetwork/pyth-evm-js,NPM,pyth-network
riseon-dev,olympia,@pythnetwork/price-service-sdk,NPM,pyth-network
marinade-finance,scope,@pythnetwork/client,NPM,pyth-network
nebraltd,maker-starter-app,@pythnetwork/client,NPM,pyth-network
helium,maker-starter-app,@pythnetwork/client,NPM,pyth-network
loansharktechteam,telegram_bot,arweave-multihost,NPM,redstone-finance
sherlock-audit,2024-11-oku,@pythnetwork/hermes-client,NPM,pyth-network
decentldotland,ans-stats,redstone-isomorphic,NPM,redstone-finance
drift-labs,protocol-v2,@pythnetwork/client,NPM,pyth-network
fruteroclub,agentcamp-agents,@pythnetwork/client,NPM,pyth-network
digitalax,eliza_plugins,@pythnetwork/hermes-client,NPM,pyth-network
parclfinance,solana-agent-kit,@pythnetwork/solana-utils,NPM,pyth-network
router-protocol,aftermath-swap-sui,@pythnetwork/price-service-sdk,NPM,pyth-network
hmxorg,yb-blast,@pythnetwork/pyth-evm-js,NPM,pyth-network
mrgnlabs,mrgn-ts,@pythnetwork/client,NPM,pyth-network
vyper-protocol,vyper-core,pyth-sdk-solana,RUST,pyth-network
g7dao,summon-contracts,@pythnetwork/pyth-sdk-solidity,NPM,pyth-network
interest-protocol,safe-coin-tx,@pythnetwork/price-service-client,NPM,pyth-network
sentioxyz,mcp3,@pythnetwork/pyth-sui-js,NPM,pyth-network
orange-finance,defillama-server,@pythnetwork/client,NPM,pyth-network
bonfida,sns-sdk,@pythnetwork/client,NPM,pyth-network
redstone-finance,redstone-app,arweave-multihost,NPM,redstone-finance
copin-protocol,copin-interface,@pythnetwork/pyth-evm-js,NPM,pyth-network
dialectlabs,jet-monitoring-service,@pythnetwork/client,NPM,pyth-network
gelatodigital,w3f-pyth-poc-v2,@pythnetwork/price-service-sdk,NPM,pyth-network
jup-ag,symmetry-hq-liquidity-sdk,@pythnetwork/client,NPM,pyth-network
developer-dao,dev_intern,@pythnetwork/price-service-client,NPM,pyth-network
mirrorworld-universe,sonic-code-examples,@pythnetwork/hermes-client,NPM,pyth-network
1sol-io,1sol-interface,@pythnetwork/client,NPM,pyth-network
developer-dao,dev_dao_intern,@pythnetwork/client,NPM,pyth-network
sherlock-audit,2024-11-debita-finance-v3,@pythnetwork/pyth-sdk-solidity,NPM,pyth-network
interest-protocol,suicoins.com,@pythnetwork/price-service-client,NPM,pyth-network
gelatodigital,eliza-gelato-relay,@pythnetwork/client,NPM,pyth-network
mithraiclabs,poseidon,@pythnetwork/client,NPM,pyth-network
battlemon-project,battlemon_backend,test-fuzz-internal,RUST,trailofbits
drift-labs,jit-proxy,@pythnetwork/pyth-solana-receiver,NPM,pyth-network
hmxorg,v2-evm,@pythnetwork/pyth-common-js,NPM,pyth-network
honey-protocol,honey-frontend-solana,@pythnetwork/client,NPM,pyth-network
gfx-labs,oku-custom-order-types,@pythnetwork/hermes-client,NPM,pyth-network
blockworks-foundation,mango-v4-ui,@pythnetwork/client,NPM,pyth-network
jup-ag,jupiter-nextjs-example,@pythnetwork/client,NPM,pyth-network
interest-protocol,movement,@pythnetwork/price-service-sdk,NPM,pyth-network
native-org,native-smart-contracts,@pythnetwork/price-service-client,NPM,pyth-network
redstone-finance,eth-stable-price-marketplace,arweave-multihost,NPM,redstone-finance
dedaub,pysad,pyevmasm,PIP,trailofbits
equilibria-xyz,perennial-v2-keepers,@pythnetwork/hermes-client,NPM,pyth-network
sherlock-audit,2024-05-kwenta-x-perennial-integration-update,@pythnetwork/pyth-sdk-solidity,NPM,pyth-network
space-id,ca-registrar,@pythnetwork/pyth-solana-receiver,NPM,pyth-network
scallop-io,sui-scallop-sdk,@pythnetwork/pyth-sui-js,NPM,pyth-network
carmineoptions,derisk-solana,@pythnetwork/client,NPM,pyth-network
dinaricrypto,defillama-server,@pythnetwork/client,NPM,pyth-network
parifi,synthetix-sdk-ts,@pythnetwork/price-service-sdk,NPM,pyth-network
redstone-finance,redstone-cache-layer-integration-test-utils,redstone-smartweave,NPM,redstone-finance
trailofbits,necessist,necessist-backends,RUST,trailofbits
liquality,sporkwhale-farcaster-frame-3,@syndicateio/syndicate-node,NPM,syndicateprotocol
pancakeswap,pancake-frontend,@pythnetwork/pyth-evm-js,NPM,pyth-network
friktion-labs,frontend,@pythnetwork/client,NPM,pyth-network
drift-labs,keeper-bots-v2,@pythnetwork/client,NPM,pyth-network
parclfinance,solana-agent-kit,@pythnetwork/pyth-solana-receiver,NPM,pyth-network
redstone-finance,redstone-tron-showroom,redstone-evm-connector,NPM,redstone-finance
myx-protocol,myx-contracts,@pythnetwork/pyth-evm-js,NPM,pyth-network
blockworks-foundation,lev-stake-sol-v1,@pythnetwork/client,NPM,pyth-network
01protocol,zo-arb,@pythnetwork/client,NPM,pyth-network
photon-storage,photon-explorer,github.com/trailofbits/go-mutexasserts,GO,trailofbits
parifi,parifi-sdk,@pythnetwork/price-service-client,NPM,pyth-network
fruteroclub,agentcamp-agents,@pythnetwork/price-service-sdk,NPM,pyth-network
synthetixio,oracle-manager-ui,@pythnetwork/pyth-evm-js,NPM,pyth-network
synonymfinance,smart-contracts-public,@pythnetwork/price-service-sdk,NPM,pyth-network
gelatodigital,gelato-perps-use-cases,@pythnetwork/pyth-evm-js,NPM,pyth-network
trailofbits,mc-ansible,manticore,PIP,trailofbits
blockworks-foundation,mango-ui-v2,@pythnetwork/client,NPM,pyth-network
nethermindeth,eliza-chaoschain-plugin,@pythnetwork/client,NPM,pyth-network
normalfinance,normal-v1-interface,@pythnetwork/solana-utils,NPM,pyth-network
kwenta,kwenta,@pythnetwork/price-service-client,NPM,pyth-network
parclfinance,v3-sdk-ts,@pythnetwork/price-service-sdk,NPM,pyth-network
pyth-network,per,@pythnetwork/hermes-client,NPM,pyth-network
stork-oracle,stork-external,@pythnetwork/pyth-sdk-solidity,NPM,pyth-network
redstone-finance,redstone-showroom,arweave-multihost,NPM,redstone-finance
pyth-network,pyth-examples,pythnet-sdk,RUST,pyth-network
descartesnetwork,sen-swap,@pythnetwork/client,NPM,pyth-network
blockworks-foundation,mango-client-ts,@pythnetwork/client,NPM,pyth-network
marinade-finance,governance-ui,@pythnetwork/client,NPM,pyth-network
space-operator,voting,@pythnetwork/staking-wasm,NPM,pyth-network
irys-xyz,contracts,redstone-isomorphic,NPM,redstone-finance
secured-finance,secured-finance-app,@pythnetwork/pyth-sdk-solidity,NPM,pyth-network
jup-ag,jupiter-quote-api,@pythnetwork/client,NPM,pyth-network
decentldotland,ans-testnet-airdrop,arweave-multihost,NPM,redstone-finance
chiliz-chain,v2,github.com/trailofbits/go-mutexasserts,GO,trailofbits
superfluid-finance,fluid-agent,@pythnetwork/client,NPM,pyth-network
zerolend,pyth-oracles,@pythnetwork/price-service-sdk,NPM,pyth-network
pyth-network,governance,@pythnetwork/solana-utils,NPM,pyth-network
redstone-finance,redstone-cache-layer-integration-test-utils,redstone-wasm-json-toolkit,NPM,redstone-finance
neonlabsorg,neon-tutorials,@pythnetwork/pyth-sdk-solidity,NPM,pyth-network
nethermindeth,plugin-chaoschain,@pythnetwork/hermes-client,NPM,pyth-network
baker-fi,bakerfi-contracts,@pythnetwork/price-service-client,NPM,pyth-network
gelatodigital,relay-swap-usdc-eth,@pythnetwork/entropy-sdk-solidity,NPM,pyth-network
marinade-finance,defillama-adapters,@pythnetwork/client,NPM,pyth-network
normalfinance,normal-v1-interface,@pythnetwork/pyth-solana-receiver,NPM,pyth-network
battlemon-project,sui-workspace,test-fuzz-runtime,RUST,trailofbits
solayer-labs,solana-agent-kit,@pythnetwork/price-service-sdk,NPM,pyth-network
space-id,ca-registrar,@pythnetwork/price-service-sdk,NPM,pyth-network
drift-labs,usermap-server,@pythnetwork/price-service-sdk,NPM,pyth-network
synthetixio,v3-markets-prototype,@pythnetwork/price-service-client,NPM,pyth-network
meteoraag,vault-sdk-demo,@pythnetwork/client,NPM,pyth-network
passportxyz,passport-embed,@passportxyz/passport-embed,NPM,passportxyz
drift-labs,drift-competitions,@pythnetwork/client,NPM,pyth-network
trailofbits,cast_checks,cast_checks_macro,RUST,trailofbits
hmxorg,v2-evm,@pythnetwork/pyth-sdk-js,NPM,pyth-network
gitcoinco,passport,@passportxyz/passport-embed,NPM,passportxyz
kamino-finance,pyth-pull-test,@pythnetwork/solana-utils,NPM,pyth-network
synthetixio,erc7412,@pythnetwork/pyth-sdk-solidity,NPM,pyth-network
copin-protocol,copin-interface,@pythnetwork/price-service-sdk,NPM,pyth-network
usecannon,cannon,@pythnetwork/pyth-evm-js,NPM,pyth-network
pyth-network,pyth-examples,@pythnetwork/pyth-lazer-sdk,NPM,pyth-network
scallop-io,sui-scallop-sdk,@pythnetwork/price-service-client,NPM,pyth-network
pyth-network,pyth-crosschain,pythnet-sdk,RUST,pyth-network
sherlock-audit,2024-05-kwenta-x-perennial-integration-update,@pythnetwork/price-service-client,NPM,pyth-network
gelatodigital,gelato-native-oracle-nft-example,@pythnetwork/pyth-sdk-solidity,NPM,pyth-network
cryptixencore,encore-verify-fe,redstone-smartweave,NPM,redstone-finance
fogmeta,manager-ai-agent,@pythnetwork/client,NPM,pyth-network
ionicprotocol,contracts,@pythnetwork/express-relay-sdk-solidity,NPM,pyth-network
trailofbits,cast_checks,cast_checks_convert,RUST,trailofbits
pyth-network,pyth-crosschain,@pythnetwork/price-service-sdk,NPM,pyth-network
idexio,idex-contracts-ikon,@pythnetwork/pyth-sdk-solidity,NPM,pyth-network
redstone-finance,redstone-tron-showroom,redstone-api,NPM,redstone-finance
battlemon-project,battlemon_backend,test-fuzz-macro,RUST,trailofbits
mrgnlabs,mrgn-ts,@pythnetwork/price-service-sdk,NPM,pyth-network
solendprotocol,public,@pythnetwork/price-service-sdk,NPM,pyth-network
deltaprimelabs,deltaprime-primeloans,arweave-multihost,NPM,redstone-finance
liquality,sporkwhale-farcaster-frame,@syndicateio/syndicate-node,NPM,syndicateprotocol
drift-labs,jit-proxy,@pythnetwork/solana-utils,NPM,pyth-network
kamino-finance,pyth-pull-test,@pythnetwork/pyth-solana-receiver,NPM,pyth-network
fujicracy,fuji-v1,redstone-smartweave,NPM,redstone-finance
redstone-finance,redstone-evm-connector,redstone-wasm-metering,NPM,redstone-finance
gelatodigital,gelato-native-oracle-periphery,@pythnetwork/price-service-sdk,NPM,pyth-network
normalfinance,normal-v1,pyth-client,RUST,pyth-network
solana-developers,developer-bootcamp-2024,@pythnetwork/price-service-client,NPM,pyth-network
nethermindeth,plugin-chaoschain,@pythnetwork/pyth-sui-js,NPM,pyth-network
trailofbits,windows-ctl,windows-ctl,RUST,trailofbits
sherlock-audit,2024-11-autonomint,@pythnetwork/pyth-evm-js,NPM,pyth-network
nethermindeth,eip4844-interop,github.com/trailofbits/go-mutexasserts,GO,trailofbits
sherlock-audit,2024-08-perennial-v2-update-3,@pythnetwork/pyth-evm-js,NPM,pyth-network
code-423n4,2024-02-thruster,@pythnetwork/entropy-sdk-solidity,NPM,pyth-network
solendprotocol,public,@pythnetwork/client,NPM,pyth-network
access-labs-inc,defillama-adapters,@pythnetwork/client,NPM,pyth-network
neonevm,neon-tutorials,@pythnetwork/price-service-sdk,NPM,pyth-network
enigma-xyz,enigma_protocol,@pythnetwork/client,NPM,pyth-network
redstone-finance,redstone-oracles-monorepo,redstone-prettier-config,NPM,redstone-finance
bancorprotocol,defillama-adapters,@pythnetwork/client,NPM,pyth-network
equilibria-xyz,perennial-sdk-ts,@pythnetwork/price-service-client,NPM,pyth-network
redstone-finance,redstone-oracles-monorepo,redstone-api,NPM,redstone-finance
